{
  "device": "cpu",
  "size": 4096,
  "repeats": 3,
  "average_seconds": 0.19566737700002554,
  "samples": [
    0.18792687100000194,
    0.1954638740000405,
    0.20361138600003414
  ]
}